Website Link,Category,Description,Keywords,Tech Stack
https://bizcoconsultancy.com/,Business Services,"BizCo Consultancy is a professional services firm offering tailored business development solutions and advisories for start-ups, SMEs, and mid-size corporations, including company secretarial, financial reporting, and corporate tax services. They aim to be trusted business partners, helping clients grow and improve efficiency.","business development, business advisory, company secretarial, financial reporting, corporate tax, start-ups, SMEs, business consultancy, business solutions, Singapore","Apache, CSS, Elementor, HTML, HTML5, JavaScript, Jquery, PHP, WordPress, Wordpress, jQuery"
https://godavisfreight.com/,Transportation & Logistics: CourierServices,"This website offers specialized medical courier services for transporting specimens, pharmaceuticals, and medical documents with a focus on dependability, accuracy, and safety.","medical courier, specimen transport, pharmaceutical delivery, medical documents, dependable courier, safe transport, medical logistics","HTML, HTML5, JavaScript, Jquery, Nginx, WordPress, Wordpress, jQuery"
https://harkhunter.com/,E-commerce,An online store specializing in custom handmade fixed blade knives made from high carbon and tool steel. The website offers detailed listings of various hunting knives for purchase.,"custom knives, handmade knives, fixed blade, hunting knife, 1095 high carbon steel, D2 tool steel, full tang knife, knife sale, outdoor gear","Apache, HTML, HTML5, JavaScript, Jquery, WordPress, Wordpress, jQuery"
https://innovativesolutionsllc.com/,Construction & Home Services: HomeAutomation,"This website offers smart home and business automation solutions that provide energy savings and simplified control over lighting, climate, music, and security systems. It aims to enhance comfort, control, and ambiance through technology.","smart home, home automation, energy savings, lighting control, climate control, music control, security, home theater, technology, comfort, ambiance","Cloudflare, HTML, HTML5"
https://insitech.ae/,Digital Agency,"Insitech is a digital marketing agency based in Dubai specializing in SEO, SEM, social media, email marketing, and web design. They offer personalized digital marketing strategies and consulting services to help businesses increase visibility, traffic, and sales.","digital marketing, SEO, SEM, social media marketing, email marketing, web design, online marketing, Google Adwords, Google Analytics, content marketing, digital agency, Dubai","HTML, HTML5, LiteSpeed"
https://legacydevelopments.ky/,"Real Estate: RealEstateDevelopment(Construction, Financing, Operations, Management)","Legacy Developments Ltd. specializes in creating and delivering sustainable residential and commercial properties in the Cayman Islands, offering project management, development planning, and investment services to local and international clients.","real estate development, sustainable communities, residential properties, commercial properties, project management, property investment, Cayman Islands, market research, construction management, financial monitoring","Apache, CSS, Elementor, HTML, HTML5, JavaScript, Jquery, PHP, WordPress, Wordpress, jQuery"
https://munchiezmiamivending.com/,Retail & Specialty,"Munchiez Vending provides high-quality vending services offering a wide selection of drinks and snacks to businesses in Miami, Fort Lauderdale, and surrounding areas. They focus on customer preferences and provide reliable, locally owned vending solutions.","vending services, snacks, drinks, vending machines, customer service, Miami, Fort Lauderdale, local business, product selection","CSS, Elementor, HTML, HTML5, JavaScript, Jquery, Nginx, WordPress, Wordpress, jQuery"
https://mylres.com/,Real Estate: PropertyManagement,"This website offers comprehensive property management services in Orlando, including tenant screening, rent collection, maintenance coordination, and eviction handling. It aims to simplify rental management for property owners while ensuring tenant satisfaction and legal compliance.","property management, rental analysis, tenant screening, rent collection, maintenance requests, eviction services, landlord tenant law, Orlando real estate, rental property, online rent payment, property owner portal","Apache, HTML, HTML5, JavaScript, Jquery, PHP, WordPress, Wordpress, jQuery"
https://myprimarycleaning.com/,Cleaning Services,"Primary Cleaning Services is a licensed cleaning company serving Kansas City, offering reliable and eco-friendly residential, commercial, and facility cleaning services. They focus on thorough, safe, and affordable cleaning solutions to maintain healthy and sanitized environments for homes and businesses.","cleaning services, residential cleaning, commercial cleaning, facility cleaning, eco-friendly cleaning, deep cleaning, move-in cleaning, office cleaning, industrial cleaning, sanitizing, germ-free, OSHA-certified, Kansas City","Bootstrap, CSS, Elementor, HTML, HTML5, JavaScript, Jquery, Nginx, WordPress, Wordpress, jQuery"
https://ngentech.net/,Technology & IT,"This website offers IT services and support tailored to meet the technology needs of businesses, aiming to improve their operations and success.","IT services, technology support, business IT solutions, IT consulting, technology planning","Apache, Bootstrap, CSS, Elementor, HTML, HTML5, JavaScript, Jquery, PHP, WordPress, Wordpress, jQuery"
https://offerock.com/,Real Estate: BuyandSell,"This website offers a direct home buying service that eliminates commissions and fees, providing fast cash offers and handling repairs, cleaning, and moving costs to simplify the selling process.","direct home buyer, no commissions, no fees, fast cash offer, property purchase, home selling, repair handling, moving cost assistance, real estate, quick closing","Apache, HTML, HTML5, JavaScript, Jquery, PHP, WordPress, Wordpress, jQuery"
https://prestigepet-sitting.net/,Pet Care,"Prestige Pet-Sitting Agencies, LLC provides professional in-home pet-sitting services with a focus on personalized care and stellar customer service. Established in 2005, they employ background-checked sitters passionate about animal care and connected to local veterinary communities.","pet sitting, in-home pet care, pet sitters, animal care, professional pet services, background-checked sitters, veterinary, pet care, pet sitting agency, bonded and insured","HTML, HTML5, JavaScript, Jquery, Nginx, WordPress, Wordpress, jQuery"
https://sequoiatherapy.com/,Medical Services: MassageSpecialist,"This website provides information about the benefits of massage therapy as part of integrative medicine, highlighting its role in reducing stress, pain, and improving overall health. It emphasizes massage as a complementary treatment alongside standard medical care.","massage, integrative medicine, stress reduction, pain relief, muscle soreness, circulation, relaxation, immune function, anxiety, fibromyalgia, headaches, insomnia, back pain, sports injuries, medical care","HTML, HTML5, JavaScript, Nginx, PHP, Shopify, WordPress, Wordpress"
https://smallthingspetsitting.com/,Pet Care,Small Things Pet Sitting offers loving and reliable pet sitting services in Cherokee and North Fulton Counties. The website provides easy booking and a straightforward fee structure to care for pets while owners are away.,"pet sitting, pet care, pet services, pet sitter, Cherokee County, North Fulton County, animal care, pet boarding","CSS, Elementor, HTML, HTML5, Jquery, Nginx, WordPress, Wordpress, jQuery"
https://stvaonline.com/,Manufacturing & Industrial,"STVA specializes in manufacturing high-quality scaffolding and shoring solutions engineered to meet or exceed OSHA standards. With over 27 years of expertise and a state-of-the-art facility, they provide a wide range of products designed for safety, reliability, and efficiency in construction projects.","scaffolding, shoring, manufacturing, construction safety, OSHA standards, heavy-duty scaffolding, modular components, load tested, Houston manufacturing, construction equipment","CSS, Cloudflare, Elementor, HTML, HTML5, JavaScript, Jquery, WordPress, Wordpress, jQuery"
https://teachlearnlead.net/,Education & Learning,"Teach-Learn-Lead LLC is a comprehensive thought leadership platform offering curated resources for professional, personal, and spiritual development. It focuses on leadership, innovation, cultural understanding, and youth entrepreneurship through global partnerships, coaching, and collaboration.","professional development, personal development, leadership, innovation, cultural understanding, youth entrepreneurship, education resources, coaching, global partnerships, social impact","CSS, Elementor, HTML, HTML5, JavaScript, Jquery, Nginx, PHP, WooCommerce, WordPress, Wordpress, jQuery"
https://teampuggi.com/,Non-Profit & NGO,"This website serves as a platform for a non-profit organization, providing information about their mission, offering a shop for fundraising, resources to find help, and options to donate.","non-profit, charity, donate, fundraising, help, support, shop, community","HTML, HTML5, JavaScript, Jquery, Nginx, PHP, WordPress, Wordpress, jQuery"
https://tencowtees.com/,Creative & Media,"Ten Cow Tees is a family-owned business specializing in screen printing, embroidery, and promotional products, focusing on small to medium quantity orders with quick turnaround times. They serve the Layton, UT area and prioritize quality and customer service.","screen printing, embroidery, promotional products, small quantity orders, quick turnaround, custom printing, family-owned, Layton UT","HTML, HTML5, JavaScript, Jquery, Nginx, WordPress, Wordpress, jQuery"
https://tritonsoundresidential.com/,Real Estate: PropertyManagement,"Triton Sound Residential acquires, owns, and operates multifamily residential properties across the United States, focusing on Core Plus and Value-Add investment opportunities. They manage properties internally to provide quality and affordable housing with local market expertise.","multifamily properties, real estate investment, property management, Core Plus, Value-Add, residential housing, affordable housing, real estate portfolio, property operations, local expertise","CSS, Elementor, HTML, HTML5, JavaScript, Jquery, Nginx, WordPress, Wordpress, jQuery"
https://viridia.ky/,Real Estate,"VIRIDIA West is a sustainable community development adjacent to The Shores in Cayman, focusing on eco-friendly living and real estate opportunities.","VIRIDIA West, sustainable community, The Shores, Cayman, real estate, eco-friendly, community development","Apache, CSS, Elementor, HTML, HTML5, Jquery, PHP, WordPress, Wordpress, jQuery"
https://www.advancedxl.com/,Education & Learning,"The website offers an advanced Excel and Power BI training course designed for intermediate to advanced users aiming to become experts in data analysis and visualization. It is created by a recognized data science professional and author, providing practical and theoretical knowledge to enhance Excel skills.","Excel training, Power BI, data visualization, data analysis, advanced Excel, dashboards, data storytelling, Excel course, data science education","Apache, CSS, Elementor, HTML, HTML5, JavaScript, Jquery, WordPress, Wordpress, jQuery"
https://www.drmsusa.com/,Technology & IT,"DRMS provides premium custom software solutions and cybersecurity services for various sectors including government, education, finance, and medical facilities. They focus on protecting data and IT infrastructure while enhancing operational efficiency.","custom software solutions, cybersecurity, CJIS compliant, data protection, IT security, software development, government software, education software, financial institutions, medical facilities, technology consulting","Apache, CSS, Elementor, HTML, HTML5, JavaScript, Jquery, WordPress, Wordpress, jQuery"
https://zenergyhp.com/bossladyhealth/,Health & Wellness: Nutritionists,"This website offers a program focused on educating individuals about nutrition and exercise to promote healthier lifestyle choices. It aims to help users improve their health, increase energy, and maintain a balanced life through better eating habits and regular physical activity.","nutrition, healthy eating, exercise, lifestyle balance, diet, health improvement, energy, physical activity, healthy choices","HTML, HTML5, JavaScript, Jquery, LiteSpeed, PHP, WordPress, Wordpress, jQuery"
https://jegnite.com/,Technology & IT,"Jegnite Solutions, LLC provides IT and Engineering Management Services, leveraging industry best practices and certifications to deliver innovative solutions for government and private sector clients.","IT services, engineering management, project management, Agile, ITIL, IEEE standards, INCOSE, Scrum, government contracts, innovation, problem solving","HTML, HTML5"
https://freetenniscourts.com/,Sports & Recreation,FreeCourts is a platform that helps tennis enthusiasts in the Puget Sound area find free tennis courts. It aims to promote an active lifestyle and build a vibrant tennis community by making tennis accessible to players of all ages and skill levels.,"tennis courts, free tennis courts, tennis community, Puget Sound, active lifestyle, tennis players, sports recreation","Apache, HTML, HTML5, JavaScript, Jquery, PHP, WordPress, Wordpress, jQuery"
https://www.trianglesmartdivorce.com/,Legal Services: DivorceLawyer,"This website provides legal services specializing in divorce cases, offering guidance, mediation, and representation to help clients navigate the divorce process with minimal conflict and optimal outcomes.","divorce, divorce lawyer, mediation, child custody, alimony, property division, settlement, legal consultation, contested divorce, family law","Bootstrap, CSS, Elementor, HTML, HTML5, JavaScript, Jquery, Nginx, PHP, WordPress, Wordpress, jQuery"
https://hurghada.com/,Travel & Tourism,"This website provides information about Egypt as a holiday destination, highlighting popular activities such as snorkeling, diving, dining options, real estate rentals, and various tourist excursions including safaris and hot air balloon rides.","Egypt, holiday destination, snorkeling, diving, Red Sea, coral reefs, restaurants, steakhouse, fish restaurant, Italian cuisine, real estate, apartment rental, sea view apartment, hot air balloon, safari, Cairo tours, Pyramids of Giza, Great Sphinx, Egyptian Museum, tourism, travel","Bootstrap, HTML, HTML5, JavaScript, Jquery, LiteSpeed, WordPress, Wordpress, jQuery"
https://geraldinegarcia.net/,Fashion & Beauty,"Bridal Edit offers a Spring Bridal Collection featuring handmade garments crafted by skilled artisans in El Salvador. The brand focuses on producing high-quality, timeless bridal clothing in limited quantities using traditional methods.","bridal collection, handmade, El Salvador, high-quality materials, timeless fashion, limited quantities, artisanal garments, bridal wear","Bootstrap, Cloudflare, HTML, HTML5, JavaScript, Shopify"
https://teccolorcraft.com/,Creative & Media: CustomPrinting,"Tec Color Craft specializes in custom sticker and decal printing for businesses, offering high-quality screen and digital printing solutions to enhance brand awareness. With over 60 years of experience, they provide expert service from design to delivery for vibrant, durable stickers.","custom stickers, sticker printing, decal printing, screen printing, digital printing, brand awareness, custom packaging, printing technology, business branding, vibrant stickers","HTML, HTML5, JavaScript, Jquery, Squarespace, jQuery"
https://subject2.com/,Real Estate: Investments,"This website offers opportunities for investing in over collateralized real estate debt to purchase distressed single-family homes, leveraging AI-driven deal sourcing and creative financing strategies to maximize investor returns with minimal costs and quick turnaround.","real estate investing, collateralized debt, distressed properties, single family homes, AI sourcing, real estate debt, property investment, creative financing, subject2 investing, investor returns, real estate fund, property listings",Apache
https://lservicesthecompany.com/,Cleaning Services,"LServices provides professional air duct, dryer vent, and chimney cleaning services in the Metro Atlanta area, ensuring cleaner air and a healthier home environment. They focus on removing dust, allergens, and debris to improve indoor air quality and HVAC efficiency.","air duct cleaning, dryer vent cleaning, chimney cleaning, HVAC maintenance, indoor air quality, allergen removal, dust removal, home cleaning services, Metro Atlanta, Sandy Springs","HTML, HTML5, LiteSpeed"
https://designoflex.com/,Digital Agency,"Designoflex offers professional logo design and branding services, helping businesses create memorable visual identities. They provide various logo packages and comprehensive branding solutions including website design and marketing strategies.","logo design, branding, visual identity, graphic design, logo packages, website design, marketing strategy, brand revamp, startup branding, corporate branding","Apache, HTML, HTML5, JavaScript, Jquery, WordPress, Wordpress, jQuery"
https://blackcedarinvestments.com/,Real Estate: Investments,"Black Cedar Investments is a real estate syndication company specializing in acquiring, repositioning, and managing value-add multifamily properties. They offer passive income opportunities and tax advantages to investors through shared ownership in LLCs.","real estate, investments, multifamily properties, passive income, real estate syndication, property management, value-add, apartment buildings, equity building, tax advantages, accredited investors","HTML, HTML5, JavaScript, Jquery, Nginx, WordPress, Wordpress, jQuery"
https://aspectstaging.com/,Construction & Home Services: HomeStaging,This website promotes home staging services aimed at enhancing the appeal of homes for sale to attract buyers and increase sale prices. It emphasizes the psychological impact of staging and its proven benefits in selling homes faster and for higher offers.,"home staging, real estate, home selling, property presentation, home decor, buyer appeal, house sale, home styling, property marketing, real estate sales","HTML, HTML5, JavaScript, Jquery, Nginx, WordPress, Wordpress, jQuery"
https://simonbroslabs.com/,Food & Hospitality,Simon Brothers Lab Bakery is a bakery shop preparing to launch a new website. They offer delicious baked treats and invite inquiries via email.,"bakery, baked goods, treats, bakery shop, Simon Brothers, food, hospitality","HTML, HTML5, JavaScript, Jquery, Nginx, PHP, WordPress, Wordpress, jQuery"
https://thevalemagazine.com/,Creative & Media,"A website featuring evocative stories and articles about art, history, culture, and unique artistic expressions from around the world. It explores themes such as medieval troubadours, folk art, historic villas, and natural wonders through poetic and narrative writing.","art, culture, history, storytelling, medieval, troubadours, folk art, villas, nature, poetry, creative writing, heritage, traditions","HTML, HTML5, JavaScript, Jquery, Nginx, WordPress, Wordpress, jQuery"
https://maloneyinjurylawfirm.com/,Legal Services,"Maloney Law is a North Carolina law firm specializing in handling traffic accident cases, providing legal representation to obtain vehicle repairs, financial compensation, and medical expense payments. They emphasize a client-focused approach with personalized case evaluation.","traffic accident, law firm, legal representation, vehicle repair, financial compensation, medical expenses, personal injury, Charlotte NC, accident claim, legal consultation","CSS, Elementor, HTML, HTML5, Jquery, WordPress, Wordpress, jQuery"
https://dallasmdassociates.com/,Medical Services: Medicine&InfectiousDiseaseServices,"Dallas MD Associates provides expert diagnoses, consultations, and treatment plans in internal medicine and infectious diseases. Led by Dr. Muhammad Khan, a board-certified specialist with over 25 years of experience, the practice serves multiple hospitals in the Dallas area.","internal medicine, infectious disease, consultation, treatment plans, bacteria, viruses, fungi, Dallas, Dr. Muhammad Khan, board certified, chronic infectious diseases, acute infectious diseases","Apache, HTML, HTML5, JavaScript, Jquery, WordPress, Wordpress, jQuery"
https://www.threefarmfinancial.com/,Financial Services,"This website offers captive insurance solutions that allow businesses to customize risk management, retain premiums, and gain greater financial control by owning their own insurance company. It provides tailored insurance coverage that supplements traditional policies.","captive insurance, risk management, business insurance, financial control, customized insurance, insurance ownership, retained premiums, supplemental coverage","HTML, HTML5, JavaScript, Jquery, Nginx, PHP, jQuery"
https://crescent-trading.com/,E-commerce,"Crescent Trading is a global importer, exporter, and packer specializing in high-quality dried fruits, nuts, seeds, herbs, and spices. They supply ingredients to industrial snack packers, bakeries, food manufacturers, and bulk distributors worldwide.","importer, exporter, dried fruits, nuts, seeds, herbs, spices, packaging, food ingredients, snack packers, bakeries, food manufacturers, bulk distributors, agricultural products","CSS, Elementor, HTML, HTML5, JavaScript, Jquery, Nginx, WordPress, Wordpress, jQuery"
https://nypifirm.com/,Legal Services,"The Eskesen Law Firm specializes in personal injury law, providing accessible and transparent legal services with a focus on client communication and case management.","personal injury, law firm, legal services, attorney, case management, client communication, fee transparency","HTML, HTML5, JavaScript, Nginx"
https://www.legendnt.com/,Medical Services: DentalITSupport,"Legend Networking provides specialized IT support services tailored for dental practices, offering secure, reliable, and custom solutions with nationwide coverage and 24/7 support.","dental IT support, dental practice IT, dental office technology, IT solutions for dentists, dental IT experts, dental IT services, dental practice technology, dental IT support nationwide, dental IT help, dental IT consulting","Apache, HTML, HTML5, JavaScript, Jquery, PHP, WordPress, Wordpress, jQuery"
https://koyathletic.com/,E-commerce: AthleticWear,"This website offers high quality, durable, and comfortable athletic clothing designed to be reasonably priced and suitable for all environments.","athletic clothing, durable apparel, comfortable wear, affordable sportswear, activewear","Bootstrap, Cloudflare, HTML, HTML5, Shopify"
https://pharmadrug.ca/,Medical Services,"This website focuses on the clinical development of reformulated natural-based medicines and synthetic drug formulations targeting oncology and infectious diseases, addressing unmet medical needs and drug policy reform.","clinical development, natural-based medicines, synthetic formulations, oncology, infectious diseases, drug policy reform, pharmaceuticals, drug development","Cloudflare, HTML, HTML5"
https://www.clairmontcg.com/,Financial Services,"Clairmont Capital Group is a private equity firm specializing in alternative real assets and general partnership equity co-investments with real estate sponsors and institutional partners across the US, UK, and Europe. The firm focuses on market-inelastic sectors such as Student Housing, Multifamily, Senior Housing, Industrial, and Built-to-Rent Single Family properties.","private equity, real assets, GP equity co-investments, real estate investment, student housing, multifamily, senior housing, industrial real estate, built-to-rent, tax-advantaged investing, institutional equity, alternative investments","Apache, HTML, HTML5, JavaScript, Jquery, WordPress, Wordpress, jQuery"
https://elcpa.com/,Financial Services,"Ed Lloyd & Associates provides specialized accounting and CFO services focused on tax strategy, financial organization, business growth, and debt management, particularly catering to dental professionals. They offer customized financial planning and actionable solutions to maximize savings and support business expansion.","tax strategy, dental tax accountant, accounting services, CFO services, financial planning, tax reductions, business growth, debt management, financial security, customized budget, financial analysis, tax season preparation","HTML, HTML5, LiteSpeed"
https://namg.us/,Medical Services,"Northern Arizona Medical Group provides comprehensive healthcare services including telehealth, vaccines, and immunizations, with a focus on preventive care and personalized patient relationships. They also offer retirement community living options that support active and healthy lifestyles for seniors.","medical group, telehealth, vaccines, immunizations, preventive care, senior care, retirement community, health services, patient care, COVID-19 guidelines","Apache, HTML, HTML5, Jquery, PHP, WordPress, Wordpress, jQuery"
https://www.ochealthysmiles.com/landing-page-2/,Medical Services: Dentist,This website is a recruitment platform for a dental company hiring various dental and administrative positions. It highlights the company's culture and the qualifications required for applicants.,"dentist, dental hygienist, dental assistant, insurance coordinator, treatment coordinator, marketing coordinator, management, dental jobs, recruitment, dental company, customer service, communication skills","HTML, HTML5, PHP, WordPress, Wordpress"
https://senoa.io/,Other,This website is a placeholder page indicating that the domain seno.io is available for purchase.,"domain, buy domain, domain for sale, seno.io, placeholder",JavaScript
https://www.muhammadprojects.com/lift-aviation/,Aviation,"This website promotes the use of private aircraft as a time-saving solution, emphasizing the value of time and the convenience of private air travel.","private aircraft, time-saving, aviation, air travel, luxury travel, private jet",Apache
https://muhammadprojects.com/donation-nation/,Non-Profit & NGO,A long-standing organization dedicated to helping people in need from all walks of life. The website emphasizes support and assistance to those requiring aid.,"help, support, people in need, assistance, charity, non-profit, community service",Apache
https://gentrycleanersinc.com/,Cleaning Services,"Gentry Cleaners Inc. provides professional janitorial and cleaning services including post-construction, commercial, and residential cleaning across the Carolinas. They focus on customized, high-quality cleaning solutions using medical-grade products to ensure safe and sanitary environments.","post-construction cleaning, janitorial services, commercial cleaning, residential cleaning, medical-grade cleaning, COVID-19 cleaning, carpet cleaning, floor cleaning, window cleaning, waste management, upholstery cleaning, building maintenance","CSS, Elementor, HTML, HTML5, JavaScript, Jquery, Nginx, PHP, WordPress, Wordpress, jQuery"
https://www.vitalityskin.com.au/,Health & Wellness: LifestyleHealth,"Vitality Skin is a premium skin care clinic in Bondi Junction dedicated to personalized beauty treatments that rejuvenate and enhance natural skin radiance. They offer tailored services such as facials, peels, and skin needling in a welcoming environment to boost clients' confidence and well-being.","skin care, beauty clinic, facials, skin needling, peels, personalized treatments, radiant skin, Bondi Junction, skincare clinic, beauty treatments, confidence, rejuvenation","Apache, CSS, Elementor, HTML, HTML5, JavaScript, Jquery, PHP, WordPress, Wordpress, jQuery"
https://mybeautysite.com/,E-commerce: Salon&SPA,"My Beauty Site is a wholesale beauty supply drop shipping platform that enables entrepreneurs to start their own online beauty stores with no inventory costs or reseller permits. They provide access to over 20,000 genuine beauty products, fast US-based shipping, and store setup services.","beauty supplies, drop shipping, wholesale beauty products, e-commerce, salon products, hair care, styling tools, barber tools, beauty accessories, Shopify store setup, no minimum order, fast shipping","Bootstrap, Cloudflare, HTML, HTML5, JavaScript, Shopify"
https://chiheirluums.com/,E-commerce: Apparel,"Chi Heirlooms offers personalized, eco-conscious apparel products made from 100% organic cotton and sustainable materials, focusing on creating heirloom-worthy keepsakes for children. The brand emphasizes sustainability, ethical sourcing, and reducing ecological footprints while providing meaningful, personalized gifts.","organic cotton, sustainable apparel, personalized gifts, eco-conscious, heirloom keepsakes, OEKO-TEX certified, children's clothing, ethical sourcing, embroidery, eco-friendly textiles","CSS, Elementor, HTML, HTML5, JavaScript, Jquery, LiteSpeed, WooCommerce, WordPress, Wordpress, jQuery"
https://www.teccolorcraft.com/,Creative & Media,"Tec Color Craft specializes in custom sticker and decal printing for businesses, offering high-quality screen and digital printing solutions to enhance brand awareness. With over 60 years of experience, they provide innovative, durable, and vibrant printed products backed by expert customer service.","custom stickers, sticker printing, decal printing, screen printing, digital printing, brand awareness, packaging, printing technology, business branding, custom printing","HTML, HTML5, JavaScript, Jquery, Squarespace, jQuery"
https://colourpop.com/,E-commerce: Apparel,"This website offers a variety of cosmetic products including lip balms, lip scrubs, eyeshadow palettes, blushes, and makeup brushes, with promotions and free shipping options.","lip balm, lip scrub, eyeshadow palette, makeup brushes, blush, highlighter, makeup setting spray, cosmetics, skincare, hydrating lip mask, waterproof eyeliner, beauty products","Bootstrap, Cloudflare, HTML, HTML5, JavaScript, Shopify"
https://www.kingice.com/,E-commerce: Jewelry,"King Ice offers exclusive streetwear jewelry collections featuring collaborations with popular franchises like Pokémon, Sonic, and Fortnite. The site showcases premium chains and original designs that blend iconic pop culture elements with bold fashion statements.","streetwear, jewelry, King Ice, Pokémon, Sonic, Fortnite, Wu-Tang, necklaces, chains, Miami Cuban, Tennis chain, Rope chain, collaborations, pop culture, fashion accessories","Bootstrap, Cloudflare, HTML, HTML5, JavaScript, Shopify"
https://swamfestva.org/,Business Services,"SWaMfest is Virginia’s premier networking and educational event for SWaM-certified businesses, providing opportunities for connection, growth, and collaboration within the state's diverse business community. The event fosters partnerships among member institutions, state agencies, and business groups to support entrepreneurship and innovation.","SWaM-certified businesses, networking event, business growth, collaboration, Virginia, entrepreneurship, VASCUPP, business development, state agencies, affinity groups","HTML, HTML5, JavaScript, Jquery, Nginx, PHP, WordPress, Wordpress, jQuery"
https://saundersroofing.com/,Construction & Home Services: Roofing,"Saunders Roofing provides expert roofing services including installation, repair, and inspection for residential and commercial properties in Richmond. They specialize in various roofing materials such as slate, tile, asphalt shingles, metal, and copper, ensuring quality and durability.","roofing, slate roof, tile roofing, asphalt shingles, standing seam metal, low-slope roofing, copper roofing, roof installation, roof repair, roofing inspection, residential roofing, commercial roofing, Richmond VA","HTML, HTML5, JavaScript, Jquery, Nginx, WordPress, Wordpress, jQuery"
https://arpsurveyors.com.au/,Real Estate: PropertyManagement,"A.R.P Surveyors is a team of registered land surveyors providing precise and cost-effective land and building surveys across NSW. They serve a diverse client base including legal professionals, engineers, builders, and developers.","land surveyors, building surveys, NSW, property management, legal professionals, engineers, builders, developers, town planners, cost-effective surveys, client experience","HTML, HTML5, LiteSpeed, Nginx"
https://theater.academy/beta/,Education & Learning,"A digital platform offering educational materials and personalized coaching for actors, directors, and playwrights, focusing on traditional and modern Japanese theater as well as application and career mentoring for BFA and MFA programs.","theater education, acting coaching, directing coaching, playwriting coaching, Japanese theater, BFA application, MFA application, audition coaching, career mentoring, self-taping, on-demand workshops, digital anthology","Bootstrap, CSS, Elementor, HTML, HTML5, Jquery, WordPress, Wordpress, jQuery"
https://unec.co/,Construction & Home Services,"[ UNEC ] is a multi-award winning general contracting company with over 40 years of experience, specializing in delivering high-quality construction projects and collaborating on iconic buildings and landmarks.","general contracting, construction, building projects, professional construction services, safety, efficiency, project management, workforce, iconic buildings","Apache, Bootstrap, CSS, Elementor, HTML, HTML5, JavaScript, Jquery, PHP, WordPress, Wordpress, jQuery"
https://bhisciences.com/,Medical Services: Medicine&InfectiousDiseaseServices,"BHI Therapeutic Sciences, Inc. is an international biotechnology company specializing in advanced stem cell treatments for various health conditions. They conduct cutting-edge research and clinical trials, including FDA-approved Investigational New Drug trials, to provide innovative and affordable therapies worldwide.","stem cell therapy, biotechnology, FDA IND trial, human umbilical cord blood, stroke treatment, medical research, regenerative medicine, clinical trials, licensed clinics, advanced therapy","Bootstrap, HTML, HTML5, Jquery, jQuery"
https://www.baitutihome.com/,Construction & Home Services: HomeDecor,"Baituti Home offers beautiful, functional, and timeless home furnishings, collaborating with prestigious brands to enhance quality of life through thoughtful design. They provide exclusive collections and virtual tours to showcase their products in Dubai.","home furnishings, interior design, home decor, B&B Italia, Maxalto, Flos, Louis Poulsen, Dubai, virtual tour, furniture collections","Bootstrap, Cloudflare, HTML, HTML5, JavaScript, Jquery, Shopify, jQuery"
https://creativedge.me/wp-admin/,Other,"This website appears to be a login page powered by WordPress, likely serving as an access point for users to enter a secured area of a site named Creative Edge.","login, WordPress, authentication, user access, Creative Edge","HTML, HTML5, LiteSpeed"
https://livingstonoutdoorblinds.com.au/lp,Construction & Home Services,"This website specializes in high-quality outdoor blinds that enhance the comfort, style, and functionality of outdoor living spaces. It offers custom blinds with UV protection, insulation, and weather resistance, along with professional installation services in Melbourne.","outdoor blinds, outdoor living, UV protection, insulation, weather resistant blinds, motorised blinds, PVC blinds, cafe blinds, home improvement, Melbourne installation, custom blinds, wind block, rain block",Error: 'charmap' codec can't decode byte 0x9d in position 3193: character maps to <undefined>
