Website Links,Category,Description,Keywords,Techstacks
http://4metaenergy.com/,Solar Energy,"4Meta Energy provides solar energy solutions, including solar panels, energy audits, and installation services. They aim to help customers save money and reduce their carbon footprint through sustainable energy.","Solar Panels, Solar Solutions, Audit Energy, Solar Installation, Renewable Energy","WordPress, Elementor"
https://bizcoconsultancy.com/,Business Services,"Bizco Consultancy provides business consulting services, including strategic planning, operational improvements, and technology implementation. They aim to help businesses achieve growth and improve performance through tailored solutions.","Business Consultancy, Strategic Planning, Operational Improvement, Technology Implementation, Business Solutions","WordPress, Elementor"
https://harkhunter.com/,Career & Recruitment,HarkHunter is a platform designed to help job seekers discover companies and career paths through AI-powered insights and personalized recommendations. It also allows companies to showcase their culture and attract the right talent.,"career discovery, job search, AI-powered career platform, company insights, talent acquisition","React, Node.js, GraphQL"
https://innovativesolutionsllc.com/,Business Services,"Innovative Solutions LLC provides comprehensive business solutions, including IT consulting, technology, and financial services to help businesses optimize operations and achieve their strategic goals. They offer services such as IT consulting, cloud computing solutions, and business funding.","IT consulting, Business solutions, Financial services, Technology solutions, Business funding","WordPress, Elementor"
https://insitech.ae/,Technology & IT,"InsiTech provides IT solutions and services to businesses in the UAE. They specialize in cloud computing, data organization, AI Chatbots, and other tech services to optimize and innovate business operations.","IT solutions, cloud computing, data organization, AI Chatbot, tech services","WordPress, Elementor"
https://legacydevelopments.ky/,Real Estate,"Legacy Developments is a real estate development company based in the Cayman Islands, specializing in residential and commercial properties. The website showcases their projects, provides information about the company, and offers contact information for inquiries.","Real Estate, Cayman Islands, Property Development, Residential, Commercial",WordPress
https://munchiezmiamivending.com/,Retail & Specialty,"Munchiez Miami Vending provides vending machine services in Miami, offering snacks, drinks, and customized vending options for businesses and locations. They focus on providing reliable and convenient vending solutions tailored to specific customer needs.","vending machines, vending services, Miami, snacks, drinks, customized vending","WordPress, Elementor"
https://mylres.com/,Real Estate,"My LRES is a real estate company that appears to focus on managing and selling properties. It offers services to those looking to buy, sell, or invest in real estate.","Real Estate, Property Management, Buy and Sell, Investments","WordPress, Elementor"
https://prestigepet-sitting.net/,Pet Care,"Prestige Pet Sitting provides professional pet sitting and dog walking services in Philadelphia, PA. They offer personalized care for pets in the comfort of their own homes, ensuring their well-being and happiness while their owners are away.","Pet Sitting, Dog Walking, Pet Care, Philadelphia, In-Home Pet Care","WordPress, Elementor"
https://smallthingspetsitting.com/,Pet Care,"Small Things Pet Sitting provides professional pet sitting and dog walking services in Raleigh, NC. They offer personalized care for pets in the comfort of their own homes, ensuring their well-being and happiness while their owners are away.","Pet Sitting, Dog Walking, Pet Care, Raleigh NC, Animal Care","WordPress, Elementor"
https://stvaonline.com/,Education & Learning,"STVA Online is an online language education platform that focuses on bilingual language learning through interactive methods, personalized learning, and cultural immersion. They offer various language programs and educational resources to facilitate effective language acquisition.","language education, bilingual learning, online language courses, interactive language learning, cultural immersion","WordPress, LearnDash, Elementor"
https://www.drmsusa.com/,Medical Services,"DRMS USA provides comprehensive medical record solutions for healthcare providers, focusing on compliance, security, and advanced technology. Their services include transcription, storage, and data management, aiming to improve efficiency and patient care in medical practices.","Medical records, transcription, data management, HIPAA compliance, healthcare solutions","WordPress, Elementor"
https://zenergyhp.com/bossladyhealth/,Health & Wellness,"Boss Lady Health provides personalized health and wellness coaching for women, focusing on mindset, nutrition, and exercise to achieve sustainable results. The program aims to help women overcome limiting beliefs, improve their relationship with food, and build a healthier, more confident version of themselves.","women's health, health coaching, mindset, nutrition, fitness","WordPress, Elementor"
https://freetenniscourts.com/,Sports & Recreation,"FreeTennisCourts.com helps users find free public tennis courts near them. The website provides a directory of tennis courts, often including details like addresses, amenities, and user reviews.","tennis courts, free tennis, find courts, public tennis, tennis locations","WordPress, Google Maps API"
https://hurghada.com/,Travel & Tourism,"Hurghada.com is a travel and tourism website providing information and services for visiting Hurghada, Egypt. It offers details on tours, activities, hotels, and other travel-related resources for planning a trip to this Red Sea destination.","Hurghada, Egypt, Travel, Tourism, Tours, Hotels, Activities","WordPress, PHP"
https://geraldinegarcia.net/,Fashion & Beauty,"Geraldine Garcia's website showcases her work as a wardrobe stylist, makeup artist, and image consultant. The site features her portfolio, services, and a blog covering fashion and beauty topics.","wardrobe stylist, makeup artist, image consultant, personal styling, fashion blog","WordPress, Elementor"
https://teccolorcraft.com/,Creative & Media,"Tec Color Craft offers a variety of custom printing services including screen printing, embroidery, and direct-to-garment printing. They specialize in apparel customization for businesses, events, and personal projects, with a focus on quality and customer satisfaction.","Custom printing, Screen printing, Embroidery, Apparel customization, Direct-to-garment","WordPress, Elementor"
https://subject2.com/,Health & Wellness,"The website promotes a holistic approach to health and wellness, offering guidance and resources for improving mental, physical, and emotional well-being. It emphasizes the interconnectedness of these aspects for achieving overall life balance and fulfillment.","Health, wellness, mental health, self-care, holistic health","WordPress, Elementor"
https://amplifywash.com/,Cleaning Services,"Amplifywash.com offers mobile car detailing and washing services, bringing professional car care directly to customers' locations. They focus on convenience and quality, using eco-friendly products to enhance and protect vehicles.","Mobile Car Detailing, Car Wash, Auto Detailing, Car Cleaning, Mobile Detailing Service","WordPress, Elementor"
https://esporter.win/landing-page/#,Gaming,"The website promotes Esporter, an online gaming coaching platform that connects players with professional coaches to improve their skills in various games. It offers personalized coaching plans, progress tracking, and a community for gamers.","Online gaming coaching, esports coaching, gaming skills, professional gamers, online gaming platform","HTML, CSS, JavaScript"
https://blackcedarinvestments.com/,Financial Services,Black Cedar Investments is an investment company that specializes in helping clients achieve financial independence through carefully crafted investment strategies. They offer personalized financial planning and investment solutions tailored to individual needs and goals.,"Investment Company, Financial Planning, Investment Strategies, Wealth Management, Financial Independence","WordPress, Elementor"
https://thevalemagazine.com/,Creative & Media,"The Vale Magazine is an online publication showcasing art, photography, fashion, and culture from various contributors. It serves as a platform for creative expression and offers articles, interviews, and visual content related to artistic endeavors.","Art, Photography, Fashion, Culture, Magazine","WordPress, Elementor"
https://www.threefarmfinancial.com/,Financial Services,"Three Farm Financial is a company that provides financial and insurance solutions specifically tailored for farmers and agricultural businesses. They offer services such as farm financing, insurance, and risk management to help farmers manage their operations and achieve financial stability.","Farmer financing, farm insurance, agricultural loans, crop insurance, farm risk management","WordPress, Elementor"
https://www.clairmontcg.com/,Business Services,"Clairmont Consulting Group is a business consulting firm that specializes in strategic planning, operational improvements, and financial performance for community banks and credit unions. They offer expertise in areas like enterprise risk management, technology optimization, and regulatory compliance to help financial institutions thrive in a competitive market.","Business Consultancy, Financial Institutions, Credit Unions, Strategic Planning, Risk Management","WordPress, Elementor"
https://namg.us/,Non-Profit & NGO,"The NAMG website aims to support ministries working with individuals and families experiencing poverty, addiction, and crisis by providing resources, training, and collaboration opportunities. They focus on empowering local churches and organizations to effectively address these challenges.","ministry support, poverty alleviation, addiction recovery, crisis intervention, non-profit collaboration","WordPress, Elementor"
https://www.ochealthysmiles.com/landing-page-2/,Medical Services,"The website promotes OC Healthy Smiles, a dental practice providing a range of services including cosmetic dentistry, implants, and general dental care. It emphasizes patient comfort, advanced technology, and a focus on creating healthy, beautiful smiles.","Dentist, Cosmetic Dentistry, Dental Implants, Teeth Whitening, Dental Care","WordPress, Elementor"
https://muhammadprojects.com/rob-kaufman/,Business Services,"The website promotes Rob Kaufman as a business advisor and consultant, focusing on helping business owners overcome challenges, improve performance, and achieve financial independence. It offers insights, articles, and resources related to business growth and development.","Business Consulting, Business Advisor, Financial Freedom, Entrepreneurship, Business Growth","WordPress, Elementor"
https://www.muhammadprojects.com/torch/,Education & Learning,"The website provides educational resources and support for individuals with learning variances, specifically focusing on dyslexia, ADHD, and speech challenges. It offers information, tools, and guidance to help learners overcome these difficulties.","Dyslexia, ADHD, Speech therapy, Learning variances, Special education","WordPress, Elementor"
https://www.muhammadprojects.com/william-thomas/,Business Services,"This website promotes William Thomas, a business coach, speaker, and advisor specializing in helping entrepreneurs and business owners achieve financial freedom and build profitable ventures. The site highlights his coaching programs, resources, and expertise in areas like financial freedom, business strategy, and overcoming limiting beliefs.","Business Coaching, Financial Freedom, Entrepreneurship, Business Advisor, Business Growth","WordPress, Elementor"
https://www.muhammadprojects.com/florentine-jewelry/,E-commerce,"This website showcases and sells Florentine jewelry, highlighting its unique craftsmanship and beauty. It offers a variety of jewelry pieces, allowing customers to purchase online.","Florentine jewelry, Italian jewelry, handcrafted jewelry, artisan jewelry, online jewelry store","WordPress, WooCommerce"
https://www.muhammadprojects.com/myopia-control/,Medical Services,"This website focuses on providing information and resources about myopia (nearsightedness) control and management, particularly for children. It aims to educate parents and individuals about different methods to slow down the progression of myopia.","Myopia control, nearsightedness, pediatric ophthalmology, orthokeratology, atropine eye drops","WordPress, Elementor"
https://muhammadprojects.com/jack-rose/,Music Artists,"This website promotes Jack Rose, a musician specializing in rock, jazz, and blues music, showcasing his original songs and instrumental compositions. It includes music samples, videos, a blog for updates, and contact information for bookings and collaborations.","Jack Rose, musician, rock music, jazz music, blues music","WordPress, Elementor"
https://www.muhammadprojects.com/calico-music/,Creative & Media,"This website showcases the musical compositions and projects of Calico Music, providing access to their discography, videos, and other creative works. It serves as a portfolio and platform for fans to engage with the artist's music.","Calico Music, music, composer, artist, discography","WordPress, Elementor"
https://clients.muhammadprojects.com/insitechv1/,Business Services,"This website appears to be a general business consultancy, providing services to help businesses grow and succeed. It offers a range of solutions, including business strategy, marketing, and technology implementation.","Business Consultancy, Business Solutions, IT Consultant, Business Advisor, Digital Marketing","WordPress, Elementor"
https://muhammadprojects.com/beauty-salon/,Fashion & Beauty,"This website promotes a beauty salon, showcasing its services such as haircuts, coloring, styling, and other beauty treatments. It aims to attract potential clients by providing information about the salon's offerings and contact details.","Beauty Salon, Haircuts, Hair Coloring, Hair Styling, Beauty Treatments","WordPress, Elementor"
https://mybeautysite.com/,Fashion & Beauty,"My Beauty Site appears to be a website focused on beauty products and potentially services. It likely offers a range of cosmetics, skincare, and haircare items.","Beauty products, Skincare, Cosmetics, Haircare, Salon&SPA","WordPress, WooCommerce"
https://portfolio.muhammadprojects.com/INKY-BLACKNESS/,Creative & Media,"The website showcases a portfolio of creative projects, primarily focusing on 3D art, character design, and visual storytelling. It serves as a platform for the artist to display their skills and attract potential clients or collaborators.","3D art, character design, portfolio, creative projects, visual storytelling","HTML, CSS, JavaScript"
https://portfolio.muhammadprojects.com/apekshya/,Digital Agency,"The website is a portfolio site for Apekhsya, showcasing their digital marketing and SEO skills through various projects and case studies. It aims to attract potential clients seeking digital marketing services.","Digital Marketing, SEO, Web Design, Portfolio, Content Marketing","WordPress, Elementor"
https://portfolio.muhammadprojects.com/tima-journal,Creative & Media,"The website is a portfolio showcasing the editorial design and branding work for ""TIMA Journal,"" a publication focused on fashion ethics and sustainability. It highlights the design choices, branding elements, and overall visual identity created for the journal.","Editorial Design, Branding, Fashion Ethics, Sustainability, Journal Design","HTML, CSS, JavaScript"
https://muhammadprojects.com/BrushWolfClothing/,E-commerce,"BrushWolf Clothing is an online store selling apparel with nature-inspired designs, specifically focused on wolves and outdoor themes. They offer a range of clothing items like t-shirts, hoodies, and long sleeves with unique graphics.","Apparel, Clothing, Wolf, Nature, Graphic Design, Outdoor","WooCommerce, WordPress"
https://hanyanurcollections.com/,E-commerce,"Hanyanur Collections is an online store that offers a variety of modest and stylish women's clothing, including dresses, tops, bottoms, and abayas. They focus on providing high-quality, fashionable pieces for women who prefer modest attire.","modest fashion, women's clothing, abayas, dresses, Islamic clothing",Shopify
https://wilsoncommunityoutreach.org/,Non-Profit & NGO,"Wilson Community Outreach is a non-profit organization dedicated to providing resources, support, and empowerment to the Wilson, NC community, focusing on areas such as housing, food security, and youth development. They aim to create positive change and improve the lives of individuals and families in need through various programs and initiatives.","Community outreach, Wilson NC, Non-profit, Housing, Food security, Youth development","WordPress, Elementor"
https://chef-monkey.com/,Food & Hospitality,"Chef Monkey is a website that offers private chef services, allowing users to book a personal chef for in-home or vacation meal preparation. They specialize in providing customized menus and a unique dining experience.","private chef, personal chef, in-home dining, vacation chef, meal preparation","WordPress, Elementor"
https://insitechstaging.com/demo/atf-contracting/,Construction & Home Services,"ATF Contracting is a contracting company specializing in a wide array of construction and renovation services, including roofing, windows, doors, siding, and more. They offer services for both residential and commercial clients.","Contracting, Roofing, Windows, Siding, Renovations","WordPress, Elementor"
https://insitechstaging.com/demo/art-of-marbles,E-commerce,"The website is an online store selling a variety of marble art pieces, including sculptures, decorative items, and more. It provides a platform for customers to browse and purchase unique marble creations.","Marble art, sculptures, decorative items, online store, art pieces","WooCommerce, WordPress"
https://insitechstaging.com/demo/financial-literacy,Financial Services,"The website provides resources and tools for improving financial literacy, including articles, calculators, and educational materials. It aims to empower individuals to make informed financial decisions and achieve financial well-being.","Financial literacy, financial education, personal finance, budgeting, investing","WordPress, Elementor"
https://insitechstaging.com/demo/greatwork-logistics/,Transportation & Logistics,"GreatWork Logistics is a company that offers a range of logistics solutions, including freight services, maritime logistics, and courier services. The website provides information about their services, industries they serve, and allows visitors to request a quote.","Logistics, Freight Services, Courier Services, Maritime Logistics, Shipping Agency","WordPress, Elementor"
https://insitechstaging.com/demo/weapon-retention/,Other (Security Training),"This website promotes a company specializing in weapon retention training and related security services. It offers courses, demonstrations, and information about their expertise in disarming techniques and safety.","Weapon Retention, Security Training, Disarming Techniques, Self-Defense, Law Enforcement Training","WordPress, Elementor"
https://insitechstaging.com/demo/westminsterparty,Event Planning,"The website appears to be for a party planning and event services company, specializing in elegant and stylish events. It showcases their services, portfolio, and provides contact information for inquiries and bookings.","Event Planning, Party Planning, Wedding Planning, Corporate Events, Westminster Events","WordPress, Elementor"
https://insitechstaging.com/demo/bromley-collision,Legal Services,"Bromley Collision Law is a law firm specializing in personal injury claims arising from car accidents and other incidents. They offer legal representation to individuals injured due to the negligence of others, helping them navigate the claims process and seek compensation for their damages.","InjuryLawyer, AutoInjury, AccidentalCoverage, Settlements, LegalConsultation","WordPress, Elementor"
https://insitechstaging.com/demo/charles-clark,Real Estate,"The website showcases Charles Clark's real estate services, focusing on luxury properties. It offers property listings, neighborhood insights, and tools like a mortgage calculator.","Real Estate, Luxury Homes, Property Listings, Mortgage Calculator, Charles Clark","WordPress, Elementor"
https://insitechstaging.com/demo/lucky-old/,Real Estate,This website appears to be a landing page for a real estate company specializing in property management and potentially buying and selling properties. The site focuses on showcasing properties and providing contact information.,"Property Management, Real Estate, Buy and Sell, Property Listings, Home Buying","WordPress, Elementor"
https://insitechstaging.com/demo/spectrum-group,Business Services,"The website appears to be for a business consultancy called Spectrum Group. It provides services related to business development, operational excellence, and technology transformation to help businesses achieve their strategic goals.","Business Consultancy, Business Solutions, Business Advisor, IT Consultant, Business Development","WordPress, Elementor"
https://insitechstaging.com/demo/sustainatech/,EnvironmentalIndustrial,"The SustainaTech website promotes sustainable industrial practices and environmental solutions, focusing on reducing carbon emissions and waste through innovative technologies and strategic partnerships. It aims to educate and connect businesses with sustainable resources and strategies for a greener future.","Sustainability, Environmental Solutions, Carbon Reduction, Waste Management, Green Technology","WordPress, Elementor"
https://insitechstaging.com/demo/jounrey/,Health & Wellness,"This website promotes a holistic approach to wellness, focusing on the interconnectedness of physical, mental, and emotional health through personalized coaching and programs. It aims to empower individuals to achieve their wellness goals.","health coaching, wellness journey, personalized wellness, holistic health, wellbeing","WordPress, Elementor"
https://insitechstaging.com/demo/price-refractory/,Manufacturing & Industrial,"This website showcases refractory products and solutions, primarily focusing on pricing and offering different types of refractory materials. It serves as a platform for users to explore and inquire about refractory products for industrial applications.","Refractory, Refractory materials, Industrial materials, High-temperature insulation, Price refractory","WordPress, Elementor"
https://insitechstaging.com/demo/zee-media/,Creative & Media,"This website appears to showcase the portfolio and capabilities of a creative agency or media production company specializing in visual content creation. It highlights services such as photography, videography, and potentially other media-related offerings.","photography, videography, creative agency, media production, visual content","WordPress, Elementor"
https://insitechstaging.com/demo/contour-cabinets/,Construction & Home Services,"The website showcases Contour Cabinets, a company specializing in designing, manufacturing, and installing custom cabinetry for kitchens and other spaces. It highlights their different cabinet styles, materials, and finishes, emphasizing the ability to create personalized solutions for customers.","Custom Cabinets, Kitchen Cabinets, Cabinet Design, Cabinet Installation, Cabinet Manufacturing","WordPress, Elementor"
https://insitechstaging.com/demo/limitless-equine,Pet Care,"Limitless Equine is a website dedicated to providing comprehensive care for horses, including boarding, training, and various equine services. It offers a range of specialized programs tailored to meet the individual needs of horses and their owners.","Horse boarding, Horse training, Equine care, Equine services, Horse health","WordPress, Elementor"
https://insitechstaging.com/demo/conte-stanley/,Real Estate,"The website appears to showcase Conte Stanley's real estate services, featuring property listings, agent information, and resources for buying and selling properties. It likely aims to attract potential clients looking to buy, sell, or rent properties.","Real Estate, Property Listings, Home Buying, Home Selling, Property Management","WordPress, Elementor"
https://insitechstaging.com/demo/gary-yancy/,Health & Wellness,"The website promotes Gary Yancy as a health and fitness professional, providing personal training and fitness coaching services. It highlights his experience, testimonials, and contact information for potential clients.","Personal Training, Fitness Coaching, Health, Wellness, Exercise","WordPress, Elementor"
https://insitechstaging.com/demo/circo-circus-funland/,Travel & Tourism,"The website promotes Circo Circus Funland, a vacation destination that appears to offer a variety of accommodations, attractions, and family-friendly activities, including a circus, hotels, and dining. It encourages visitors to book their stay and explore the different experiences available.","Circus, Funland, Vacation, Hotel, Entertainment, Family Activities","WordPress, Elementor"
https://insitechstaging.com/demo/brand-02,Digital Agency,"The website is a digital agency showcasing its services and expertise in digital marketing, web design, and development. It aims to attract potential clients by highlighting its portfolio, team, and client success stories.","Digital Marketing, Web Design, SEO, Digital Agency, Web Development","WordPress, Elementor"
https://insitechstaging.com/demo/wyatt-johnson/,Digital Agency,"The website appears to be a portfolio for a digital agency specializing in website design, development, and marketing, with a focus on showcasing their work and attracting new clients. It highlights their services, client testimonials, and provides contact information.","Website Design, Digital Marketing, Web Development, SEO, Portfolio","WordPress, Elementor"
https://insitechstaging.com/demo/james-veon/,Real Estate,"The website appears to be a landing page for James Veon, a real estate professional specializing in luxury properties. It highlights his expertise, featured listings, and provides contact information for potential clients.","Real Estate, Luxury Homes, Property, James Veon, Real Estate Agent","WordPress, Elementor"
https://insitechstaging.com/demo/cruise-landing/,Travel & Tourism,"This website promotes cruise vacations, showcasing destinations, deals, and onboard experiences. It encourages users to explore different cruise options and book their dream cruise.","Cruises, Cruise Vacations, Travel, Destinations, Cruise Deals","WordPress, Elementor"
https://portfolio.muhammadprojects.com/empowercareinsurance/,Financial Services,"EmpowerCare Insurance offers various insurance plans, including health, life, dental, and vision. The website provides information about different insurance products, allows users to get quotes, and facilitates policy purchases.","Insurance, Health Insurance, Life Insurance, Dental Insurance, Vision Insurance","WordPress, Elementor"
https://portfolio.muhammadprojects.com/give-back-solar/,Solar Energy,"This website promotes a ""Give Back Solar"" program, offering solar panel solutions with the goal of donating solar power to families in need for every system purchased. It also focuses on providing homeowners with affordable solar energy solutions while contributing to a social cause.","Solar panels, solar donation, renewable energy, solar installation, give back","WordPress, Elementor"
https://portfolio.muhammadprojects.com/da-drain-fellas/,Cleaning Services,"The website promotes ""DA Drain Fellas,"" a drain cleaning and plumbing service based in Toronto, specializing in drain cleaning, plumbing repairs, and emergency services. They offer services for residential, commercial, and industrial clients.","Drain cleaning, Plumbing, Toronto, Emergency plumbing, Sewer cleaning","WordPress, Elementor, HTML, CSS, JavaScript"
https://portfolio.muhammadprojects.com/great-plain/,Real Estate,"The website showcases Great Plain's real estate developments, focusing on modern home designs and community living. It features property listings, design concepts, and information about the company's vision.","Real Estate Development, Modern Homes, Community Living, Property Listing, Home Design","WordPress, Elementor"
